Year,Value
2008,150.96333333333334
1980,149.85999999999999
2011,142.115
2013,138.30166666666665
2012,135.26833333333335
